variant,tp,fp,fn,tn,precision,recall,false_positive_rate
official_anomaly_evidence_event,30,43,265,888,0.41095890411,0.101694915254,0.046186895811
risk_high_or_critical,220,12,75,919,0.948275862069,0.745762711864,0.0128893662728
m1_specialist_high_or_urgent,97,124,198,807,0.438914027149,0.328813559322,0.133190118153
priority_high_or_urgent,211,13,84,918,0.941964285714,0.715254237288,0.0139634801289
anomaly_or_risk_high,224,55,71,876,0.802867383513,0.759322033898,0.0590762620838
