variant,tp,fp,fn,tn,precision,recall,false_positive_rate
official_anomaly_evidence_event,30,43,291,888,0.41095890411,0.0934579439252,0.046186895811
risk_high_or_critical,118,12,203,919,0.907692307692,0.367601246106,0.0128893662728
m1_specialist_high_or_urgent,75,165,246,766,0.3125,0.233644859813,0.177228786251
priority_high_or_urgent,139,57,182,874,0.709183673469,0.433021806854,0.0612244897959
anomaly_or_risk_high,119,49,202,882,0.708333333333,0.370716510903,0.0526315789474
