m1_specialist_fault_group,rows,pre_fault_rows,normal_rows,fault_events,group_weight,mean_pre_event,mean_leadtime_urgency,mean_current_best_priority,mean_m1_specialist_priority,mean_risk_score,pre_fault_rate
control_controller,145,145,0,13,1,0.508062799773,0.721276739822,75.3707862069,64.5817561822,0.859397924933,1
pump_failure,54,54,0,5,0.636043,0.657061263498,0.71152530347,81.0539185185,67.0247735965,0.952839537979,1
valve_actuator,10,10,0,2,0.580894,0.565631180092,0.770484088706,74.61309,62.9376475662,0.909241991627,1
pressure_regulator,27,27,0,3,0.521702,0.576692482295,0.788839087048,89.9734407407,63.2087891377,0.997583020542,1
leakage_water_loss,36,36,0,3,0.444043,0.660637962631,0.845890245159,96.6068361111,68.3724402995,0.992730460404,1
unknown_review,954,23,931,2,0.1,0.487049547619,0.838142115719,24.4419392034,53.4319885906,0.140395113483,0.0241090146751
