tp,fp,fn,tn,precision,recall,f1,false_positive_rate,fault_events,detected_fault_events,fault_event_recall,current_best_weight,m1_specialist_weight,split,high_threshold,urgent_threshold,operating_score,selection_name
23,7,0,136,0.7666666666666667,1.0,0.8679245283018869,0.04895104895104895,2,2,1.0,0.65,0.35,validation,67.5,82.5,1.0434490038263626,final_selected_0p65
52,6,25,100,0.896551724137931,0.6753246753246753,0.7703703703703704,0.05660377358490566,8,7,0.875,0.65,0.35,holdout,67.5,82.5,0.9170684835779176,final_selected_0p65
23,5,0,138,0.8214285714285714,1.0,0.9019607843137255,0.03496503496503497,2,2,1.0,0.55,0.44999999999999996,validation,67.5,82.5,1.084478266831208,validation_best_f1
23,5,0,138,0.8214285714285714,1.0,0.9019607843137255,0.03496503496503497,2,2,1.0,0.55,0.44999999999999996,validation,67.5,82.5,1.084478266831208,validation_best_guardrail
52,5,25,101,0.9122807017543859,0.6753246753246753,0.7761194029850746,0.04716981132075472,8,7,0.875,0.72,0.28,holdout,67.5,82.5,0.9275344973246973,holdout_best_f1
52,5,25,101,0.9122807017543859,0.6753246753246753,0.7761194029850746,0.04716981132075472,8,7,0.875,0.72,0.28,holdout,67.5,82.5,0.9275344973246973,holdout_best_guardrail
52,5,25,101,0.9122807017543859,0.6753246753246753,0.7761194029850746,0.04716981132075472,8,7,0.875,0.72,0.28,holdout,67.5,82.5,0.9275344973246973,holdout_best_operating_score
