tp,fp,fn,tn,precision,recall,f1,false_positive_rate,fault_events,detected_fault_events,fault_event_recall,current_best_weight,m1_specialist_weight,split,high_threshold,urgent_threshold,operating_score,selection_name
23,7,0,136,0.766666666667,1,0.867924528302,0.048951048951,2,2,1,0.65,0.35,validation,67.5,82.5,1.04344900383,final_selected_0p65
52,6,25,100,0.896551724138,0.675324675325,0.77037037037,0.0566037735849,8,7,0.875,0.65,0.35,holdout,67.5,82.5,0.917068483578,final_selected_0p65
23,5,0,138,0.821428571429,1,0.901960784314,0.034965034965,2,2,1,0.55,0.45,validation,67.5,82.5,1.08447826683,validation_best_f1
23,5,0,138,0.821428571429,1,0.901960784314,0.034965034965,2,2,1,0.55,0.45,validation,67.5,82.5,1.08447826683,validation_best_guardrail
52,5,25,101,0.912280701754,0.675324675325,0.776119402985,0.0471698113208,8,7,0.875,0.72,0.28,holdout,67.5,82.5,0.927534497325,holdout_best_f1
52,5,25,101,0.912280701754,0.675324675325,0.776119402985,0.0471698113208,8,7,0.875,0.72,0.28,holdout,67.5,82.5,0.927534497325,holdout_best_guardrail
52,5,25,101,0.912280701754,0.675324675325,0.776119402985,0.0471698113208,8,7,0.875,0.72,0.28,holdout,67.5,82.5,0.927534497325,holdout_best_operating_score
