tp,fp,fn,tn,precision,recall,f1,false_positive_rate,fault_events,detected_fault_events,fault_event_recall,current_best_weight,m1_specialist_weight,split,high_threshold,urgent_threshold,operating_score
52,6,25,100,0.896551724137931,0.6753246753246753,0.7703703703703704,0.05660377358490566,8,7,0.875,0.65,0.35,holdout,67.5,82.5,0.9170684835779176
136,0,59,682,1.0,0.6974358974358974,0.8217522658610271,0.0,18,17,0.9444444444444444,0.65,0.35,train,67.5,82.5,1.0106411547499161
23,7,0,136,0.7666666666666667,1.0,0.8679245283018869,0.04895104895104895,2,2,1.0,0.65,0.35,validation,67.5,82.5,1.0434490038263626
52,5,25,101,0.9122807017543859,0.6753246753246753,0.7761194029850746,0.04716981132075472,8,7,0.875,0.72,0.28,holdout,67.5,82.5,0.9275344973246973
141,0,54,682,1.0,0.7230769230769231,0.8392857142857142,0.0,18,17,0.9444444444444444,0.72,0.28,train,67.5,82.5,1.028174603174603
23,6,0,137,0.7931034482758621,1.0,0.8846153846153846,0.04195804195804196,2,2,1.0,0.72,0.28,validation,67.5,82.5,1.0636363636363635
52,5,25,101,0.9122807017543859,0.6753246753246753,0.7761194029850746,0.04716981132075472,8,7,0.875,0.9,0.09999999999999998,holdout,70.0,85.0,0.9275344973246973
140,0,55,682,1.0,0.717948717948718,0.835820895522388,0.0,18,17,0.9444444444444444,0.9,0.09999999999999998,train,70.0,85.0,1.024709784411277
23,7,0,136,0.7666666666666667,1.0,0.8679245283018869,0.04895104895104895,2,2,1.0,0.9,0.09999999999999998,validation,70.0,85.0,1.0434490038263626
