tp,fp,fn,tn,precision,recall,f1,false_positive_rate,fault_events,detected_fault_events,fault_event_recall,current_best_weight,m1_specialist_weight,split,high_threshold,urgent_threshold,operating_score
52,6,25,100,0.896551724138,0.675324675325,0.77037037037,0.0566037735849,8,7,0.875,0.65,0.35,holdout,67.5,82.5,0.917068483578
136,0,59,682,1,0.697435897436,0.821752265861,0,18,17,0.944444444444,0.65,0.35,train,67.5,82.5,1.01064115475
23,7,0,136,0.766666666667,1,0.867924528302,0.048951048951,2,2,1,0.65,0.35,validation,67.5,82.5,1.04344900383
52,5,25,101,0.912280701754,0.675324675325,0.776119402985,0.0471698113208,8,7,0.875,0.72,0.28,holdout,67.5,82.5,0.927534497325
141,0,54,682,1,0.723076923077,0.839285714286,0,18,17,0.944444444444,0.72,0.28,train,67.5,82.5,1.02817460317
23,6,0,137,0.793103448276,1,0.884615384615,0.041958041958,2,2,1,0.72,0.28,validation,67.5,82.5,1.06363636364
52,5,25,101,0.912280701754,0.675324675325,0.776119402985,0.0471698113208,8,7,0.875,0.9,0.1,holdout,70,85,0.927534497325
140,0,55,682,1,0.717948717949,0.835820895522,0,18,17,0.944444444444,0.9,0.1,train,70,85,1.02470978441
23,7,0,136,0.766666666667,1,0.867924528302,0.048951048951,2,2,1,0.9,0.1,validation,70,85,1.04344900383
