method,split,row_count,normal_count,pre_fault_count,precision,recall,f1,false_positive_rate,roc_auc,average_precision
internal_m1_risk,train,896,667,229,1,0.366812227074,0.536741214058,0,0.994160125178,0.987656769252
internal_m1_risk,validation,204,178,26,0.555555555556,0.384615384615,0.454545454545,0.0449438202247,0.710890233362,0.406639765095
internal_m1_risk,holdout,152,86,66,0.857142857143,0.363636363636,0.510638297872,0.046511627907,0.67177589852,0.712685691295
