split,row_count,macro_f1,weighted_f1,top2_accuracy
train,229,0.385178323298,0.506231455206,0.851528384279
validation,26,0.43125,0.481730769231,1
holdout,66,0.693333333333,0.707878787879,0.984848484848
