component_group,mean,median,p95,max
Risk,6.88263534651,0.864415885167,36.1293313965,45.8518171638
Leadtime,10.2334656072,9.57605288069,16.3267868515,16.4866014063
Anomaly,1.78682507841,0,11.6,14
Other,-0.0215654952077,0,0,8
