component_group,mean,median,p95,max
Risk,11.1836222867,1.98704684584,44.762727845,46
Leadtime,12.1114615427,10.6772347685,16.4736106228,16.4940921606
Anomaly,2.51902847812,0,22.7414241202,33
Other,0.194127243067,0,0,8
