risk_level_calibrated,rows,min_risk_score,max_risk_score,mean_risk_score,pre_fault_rows,normal_rows,risk_threshold_medium_applied,risk_threshold_high_applied,risk_threshold_critical_applied
critical,232,0.92070947242014,1.0,0.993667482446455,220,12,0.22,0.92,0.92
low,790,0.0016032246458412,0.2195566886049435,0.04141261593123119,7,783,0.22,0.92,0.92
medium,204,0.220190239713655,0.9179231460076802,0.5809882743179096,68,136,0.22,0.92,0.92
