그룹기준,그룹,표본수,양성수,TP,FP,FN,TN,정확도,균형정확도,정밀도,재현율,특이도,음성예측도_NPV,F1,MCC,Cohen_Kappa,오경보율_FPR,알람률,양성비율,ROC_AUC,Average_Precision
season_bucket,autumn,29,18,0,4,18,7,0.241379,0.318182,0.000000,0.000000,0.636364,0.280000,0.000000,-0.511682,-0.291498,0.363636,0.137931,0.620690,0.277778,0.532538
season_bucket,spring,45,5,4,0,1,40,0.977778,0.900000,1.000000,0.800000,1.000000,0.975610,0.888889,0.883452,0.876712,0.000000,0.088889,0.111111,0.975000,0.900000
season_bucket,summer,20,3,3,0,0,17,1.000000,1.000000,1.000000,1.000000,1.000000,1.000000,1.000000,1.000000,1.000000,0.000000,0.150000,0.150000,1.000000,1.000000
season_bucket,winter,58,40,17,0,23,18,0.603448,0.712500,1.000000,0.425000,1.000000,0.439024,0.596491,0.431955,0.314491,0.000000,0.293103,0.689655,0.668056,0.863178
configuration_type,SH + DHW,118,56,21,4,35,58,0.669492,0.655242,0.840000,0.375000,0.935484,0.623656,0.518519,0.379418,0.319029,0.064516,0.211864,0.474576,0.556740,0.682467
configuration_type,SH + DHW with sub-circuits,34,10,3,0,7,24,0.794118,0.650000,1.000000,0.300000,1.000000,0.774194,0.461538,0.481932,0.376963,0.000000,0.088235,0.294118,1.000000,1.000000
