모델/점수,기준표본_train,비교표본_holdout,train평균,holdout평균,PSI,KS통계량,KS_p값,판정
이상탐지,900,183,0.374426,0.712353,4.356519,0.523479,0.000000,큰 이동
Risk base probability,896,152,0.118357,0.269733,4.391134,0.540237,0.000000,큰 이동
Risk 운영 score,896,152,0.155234,0.382943,4.507624,0.570489,0.000000,큰 이동
Leadtime confidence,229,66,0.722938,0.781865,0.358315,0.241564,0.004028,큰 이동
